A,B
106,ABY-22
109,ACZ-31
116,AFA-34
129,AFV-02
184,AFY-16
191,AGF-30
200,AGK-06
204,AGW-29
244,AGZ-08
252,AHB-28
255,AIZ-04
256,ALE-49
284,AMR-41
292,AOJ-35
294,AOX-18
295,APR-10
298,AQV-25
314,ATF-21
325,AUP-48
333,AVV-32
342,AXB-44
361,AXP-47
385,APE-07
391,AZL-36
414,BAF-37
418,BES-24
429,BEW-17
430,BGO-39
442,BGW-42
454,BKE-45
461,BMO-46
511,BNT-03
569,BNW-05
591,BNX-27
622,BPD-12
635,BVD-26
691,BWP-38
692,CMO-40
703,CPX-14
725,CQO-09
746,CSA-11
792,CSD-15
810,CSN-13
819,CUT-19
836,CWK-43
874,CYL-23
887,DBB-01
895,DEC-20
906,DNZ-33
981,DVH-50
